kmer,count
GGG,14433
CCC,14257
GGC,12811
GCC,12776
CGC,10633
GCG,10588
CGG,9025
CCG,8960
AGG,7782
CCT,7540
GAG,7470
CTC,7303
GGA,6741
CCA,6677
TGG,6578
TCC,6576
CTG,6491
CAG,6468
GCT,5699
AGC,5591
CAC,4350
GTG,4323
TGC,4106
GCA,4050
ACC,3769
GGT,3758
GAC,3736
GTC,3729
AGA,3603
AAG,3487
TCT,3484
CTT,3381
GAA,3123
TTC,3070
ACG,2993
TCG,2918
CGT,2907
CAA,2895
CGA,2882
TCA,2861
TTG,2838
TGA,2804
ACT,2491
AGT,2459
CTA,2074
TGT,2040
TAG,2040
ACA,2036
AAC,1947
GTT,1923
CAT,1898
ATG,1842
AAA,1767
ATC,1709
TTT,1706
GAT,1672
ATT,1632
AAT,1600
TAC,1249
GTA,1197
TTA,1028
TAA,1010
ATA,737
TAT,735
